,,,,,Fontes:
Cidade,Capital (*),gentílico,,,https://pt.wikipedia.org/wiki/Lista_de_gent%C3%ADlicos_do_Cear%C3%A1
Acre,,,,,
Assis Brasil ,,assis-brasiliense,,,
Cruzeiro do Sul ,,cruzeirense,,,
Feijó,,feijoense,,,
Mâncio Lima ,,mâncio-limense,,,
Manoel Urbano,,urbanense,,,
Marechal Thaumaturgo,,taumaturguense,,,
Rio Branco,*,rio-branquense,,,
Sena Madureira,,sena-madureirense,,,
Tarauacá,,tarauaquense,,,
Xapuri,,xapuriense,,,
,,,,,
Alagoas,,,,,
Anadia,,anadiense,,,
Arapiraca,,arapiraquense,,,
Atalaia,,atalaiense,,,
Belém,,belenense,,,
Belo Monte,,belo-montense,,,
Canapi,,canapiense,,,
Campestre,,campestrense,,,
Capela,,capelense,,,
Carneiros,,carneirense,,,
Coruripe,,coruripense,,,
Craíbas,,craibense,,,
Delmiro Gouveia,,delmirense,,,
Feira Grande,,feira-grandense,,,
Flexeiras,,flexeirense,,,
Ibateguara,,ibateguarense,,,
Igaci,,igaciense,,,
Inhapi,,inhapiense,,,
Jacaré dos Homens,,jacareense; jacarezeiro,,,
Jacuípe,,jacuipense,,,
Japaratinga,,japaratinguense,,,
Jaramataia,,jaramataiense,,,
Jequiá da Praia,,jequiense,,,
Jundiá,,jundiaense,,,
Junqueiro,,junqueirense,,,
Maceió,*,maceioense,,,
Maragogi,,maragojiense,,,
Maravilha,,maravilhense,,,
Marechal Deodoro,,deodorense,,,
Maribondo ,,maribondense,,,
Messias,,messiense,,,
Murici,,muriciense,,,
Novo Lino,,linense,,,
Ouro Branco,,ouro-branquense,,,
Pariconha ,,pariconhense,,,
Paripueira ,,paripueirense,,,
Paulo Jacinto,,paulo-jacintense,,,
Penedo,,penedense,,,
Quebrangulo,,quebrangulense,,,
Queimadas (Bahia)- queimadense,,,,,
Rio Largo,,rio-larguense,,,
Roteiro,,roteirense,,,
Santana do Ipanema,,santanense,,,
São José da Laje,,lajense,,,
São Miguel dos Campos,,miguelense,,,
Satuba,,satubense,,,
Traipu,,traipuense,,,
União dos Palmares,,palmarino,,,
Viçosa,,viçosense,,,
,,,,,
Amapá,,,,,
Calçoene,,calçoenense,,,
Macapá,*,macapaense,,,
Mazagão,,mazaguense,,,
Oiapoque,,oiapoquense,,,
Santana,,santanense,,,
Serra do Navio,,serra-naviense,,,
,,,,,
Amazonas,,,,,
Alvarães,,alvarense,,,
Amaturá,,amaturense,,,
Anamã,,anamãense,,,
Anori,,anoriense,,,
Apuí,,apuiense,,,
Atalaia do Norte,,atalaiense,,,
Autazes,,autaziense,,,
Barcelos,,barcelense,,,
Barreirinha,,barreirinhense,,,
Benjamin Constant,,benjamin-constantense,,,
Beruri,,beruriense,,,
Boa Vista do Ramos ,,boa-vistense,,,
Boca do Acre,,bocacrense,,,
Borba,,borbense,,,
Caapiranga,,caapiranguese,,,
Canutama,,canutamense,,,
Carauari,,carauariense,,,
Careiro,,careirense,,,
Careiro da Várzea,,careirense-da-várzea,,,
Coari,,coariense,,,
Codajás,,codajaiense,,,
Eirunepé ,,erunepeense,,,
Envira ,,envirense,,,
Fonte Boa,,fonteboense,,,
Guajará,,guajaraense,,,
Humaitá,,humaitaense,,,
Ipixuna,,ipixunaense,,,
Iranduba,,irandubense,,,
Itacoatiara ,,itacoatiarense,,,
Itamarati ,,itamaratiense,,,
Itapiranga,,itapiranguense,,,
Japurá,,japurense,,,
Juruá ,,juruaense,,,
Jutaí,,jutaiense,,,
Lábrea ,,labreense,,,
Manacapuru ,,manacapuruense,,,
Manaquiri,,manaquiriense,,,
Manaus ,*,manauense; manauara,,,
Manicoré ,,bacurau,,,
Maraã ,,maraaense,,,
Maués ,,maueense; mauesense,,,
Nhamundá ,,nhamundaense,,,
Nova Olinda do Norte ,,nova-olindense,,,
Novo Airão ,,novo-airense; novo-airãoense,,,
Novo Aripuanã ,,aripuanense; novo-aripuanense,,,
Parintins ,,parintinense,,,
Pauini ,,pauiniense,,,
Presidente Figueiredo ,,figueirense,,,
Rio Preto da Eva ,,rio-pretense,,,
Santa Isabel do Rio Negro ,,santa-isabelense,,,
Santo Antônio do Içá ,,santo-antôniense,,,
São Gabriel da Cachoeira ,,são-gabrielense,,,
São Paulo de Olivença ,,paulivense,,,
São Sebastião do Uatumã ,,uatumaense,,,
Silves ,,silvense; saracaense,,,
Tabatinga,,tabatinguense,,,
Tapauá ,,tapauense,,,
Tefé ,,tefense; teféense,,,
Tonantins ,,tonantinense,,,
Uarini ,,uariniense; uarinense,,,
Urucará ,,urucaraense,,,
Urucurituba ,,urucuritubense,,,
,,,,,
Bahia,,,,,
Abaíra ,,abairense,,,
Abaré,,abareense,,,
Acajutiba ,,acajutibense,,,
Adustina ,,adustinense,,,
Aiquara ,,aiquarense,,,
Alagoinhas ,,alagoinhense,,,
Alcobaça ,,alcobacense,,,
Almadina ,,almadinense,,,
Almadina ,,amargosense,,,
Amélia Rodrigues,,amélia-rodriguense,,,
Anagé ,,anajeense,,,
Andaraí ,,andaraiense,,,
Andorinha ,,andorinhense,,,
Araci ,,araciense,,,
Barreiras ,,barreirense,,,
Camaçari ,,camaçariense,,,
Campo Alegre de Lourdes ,,campo-alegrense,,,
Casa Nova ,,casa-novense,,,
Cipó ,,cipoense,,,
Coaraci ,,coaraciense,,,
Curaçá ,,curaçaense,,,
Cruz das Almas ,,cruz-almense,,,
Dias d'Ávila ,,dias-davilense,,,
Entre Rios ,,entre-riense,,,
Esplanada ,,esplanadense,,,
Euclides da Cunha ,,euclidense,,,
Feira de Santana,,feirense,,,
Gongogi,,gongojiense,,,
Guanambi,,guanambiense,,,
Ibicaraí ,,ibicaraiense,,,
Ilhéus ,,ilheense,,,
Ipiaú,,ipiauense,,,
Ipirá,,ipiraense,,,
Itabuna,,itabunense; grapiúna,,,
Itajuípe,,itajuipense,,,
Itambé,,itambeense,,,
Itaparica,,itaparicano,,,
Jacobina,,jacobinense,,,
Jequié,,jequieense,,,
Juazeiro,,juazeirense,,,
Lauro de Freitas,,lauro-freitense,,,
Luís Eduardo Magalhães,,luís-eduardense,,,
Mundo Novo,,mundo-novense,,,
Paramirim,,paramirinhense,,,
Paulo Afonso,,paulo-afonsino,,,
Pilão Arcado,,pilão-arcadense,,,
Porto Seguro,,porto-segurense,,,
Queimadas,,queimadense,,,
Remanso ,,remansense,,,
Ribeira do Pombal,,pombalense,,,
Salvador,*,soteropolitano; salvadorense,,,
Santa Maria da Vitória ,,santa-mariense,,,
Santo Amaro ,,santo-amarense,,,
Santo Antônio de Jesus ,,santo-antoniense,,,
Sento Sé ,,sento-seense,,,
Sobradinho ,,sobradinhense,,,
Teixeira de Freitas ,,teixeirense,,,
Teodoro Sampaio ,,teodorense,,,
Valença ,,valenciano,,,
Vitória da Conquista,,conquistense,,,
,,,,,
Ceará,,,,,
Abaiara,,abaiarense,,,
Acaraú ,,acarauense,,,
Acopiara,,acopiarense,,,
Alto Santo ,,alto-santense,,,
Apuiarés ,,apuiarense,,,
Aquiraz ,,aquiraense,,,
Aracati,,aracatiense,,,
Araripe,,araripense,,,
Araripina ,,araripinense,,,
Barbalha ,,barbalhense,,,
Baturité ,,baturiteense,,,
Beberibe ,,beberibense,,,
Camocim ,,camocinense,,,
Canindé ,,canindeense,,,
Cariré ,,carireense,,,
Cascavel,,cascavelense,,,
Catarina ,,catarinense,,,
Catunda ,,catundense,,,
Caucaia ,,caucaiense,,,
Chorozinho ,,chorozinhense,,,
Crateús ,,crateusense,,,
Crato ,,cratense,,,
Eusébio,,eusebiense,,,
Farias Brito,,farias-britense,,,
Fortaleza ,*,fortalezense,,,
Forquilha ,,forquilhense,,,
Fortim,,fortinense,,,
Frecheirinha ,,frecheirinhense,,,
Granja ,,granjense,,,
Groaíras ,,groairense,,,
Guaiúba,,guaiubense,,,
Guaramiranga ,,guaramiranguense,,,
Horizonte ,,horizontino,,,
Ibaretama ,,ibaretamense,,,
Ibiapina ,,ibiapinense,,,
Ibicuitinga ,,ibicuitinguense,,,
Icapuí ,,icapuiense,,,
Icó ,,icoense,,,
Iguatu ,,iguatuense,,,
Ipu,,ipuense,,,
Iracema ,,iracemense,,,
Itaiçaba ,,itaiçabense,,,
Itaitinga ,,itaitinguense,,,
Itapajé ,,itapajeense,,,
Itapipoca ,,itapipoquense,,,
Itarema ,,itaremense,,,
Jaguaretama ,,jaguaretamense,,,
Jaguaruana ,,jaguaruanense,,,
Jati,,jatiense,,,
Jijoca de Jericoacoara ,,jijoquense,,,
Juazeiro do Norte,,juazeirense,,,
Jucás,,jucaense,,,
Limoeiro do Norte,,norte-limoeirense; limoeirense,,,
Maracanaú,,maracanauense,,,
Maranguape ,,maranguapense,,,
Marco ,,marquense,,,
Miraíma ,,miraimense,,,
Mombaça ,,mombacense,,,
Monsenhor Tabosa ,,taboense,,,
Moraújo ,,moraujense,,,
Morrinhos ,,morrinhense,,,
Nova Russas ,,Nova-russense,,,
Pacajus ,,pacajuense,,,
Pacatuba ,,pacatubense,,,
Palhano ,,palhanense,,,
Parambu ,,parambuense,,,
Pentecoste ,,pentecostense,,,
Pereiro ,,pereirense,,,
Pindoretama ,,pindoretamense,,,
Quixadá ,,quixadaense,,,
Quixelô ,,quixeloense,,,
Quixeramobim ,,quixeramobinense,,,
Russas ,,russano,,,
Saboeiro ,,saboeirense,,,
Santa Quitéria ,,quiteriense,,,
São Benedito ,,são-beneditense,,,
São Gonçalo do Amarante ,,gonçalense,,,
São Luís do Curu ,,curuense,,,
Senador Pompeu,,pompeuense,,,
Sobral ,,sobralense,,,
Solonópole,,solonopolense,,,
Tauá ,,tauaense,,,
Tianguá ,,tianguense,,,
Trairi ,,trairiense,,,
Tururu ,,tururuense,,,
Uruburetama ,,uruburetamense,,,
Varjota ,,varjotense,,,
Várzea Alegre ,,várzea-alegrense,,,
Viçosa do Ceará ,,viçosense,,,
,,,,,
Espírito Santo,,,,,
Água Doce do Norte,,água-docense,,,
Afonso Cláudio,,afonso-claudense,,,
Alegre,,alegrense,,,
Alfredo Chaves,,alfredense,,,
Aracruz ,,aracruzense,,,
Baixo Guandu,,guanduense,,,
Barra de São Francisco ,,francisquense,,,
Brejetuba ,,brejetubense,,,
Cachoeiro de Itapemirim ,,cachoeirense,,,
Cariacica ,,cariaciquense,,,
Castelo ,,castelense,,,
Colatina,,colatinense,,,
Conceição da Barra ,,barrense,,,
Domingos Martins ,,martinense,,,
Ecoporanga ,,ecoporanguense,,,
Fundão ,,fundoense,,,
Governador Lindenberg ,,lindenberguense,,,
Guaçuí ,,guaçuiense,,,
Guarapari ,,guarapariense,,,
Ibiraçu ,,ibiraçuense,,,
Itapemirim ,,itapemirinense,,,
João Neiva ,,joão-neivense,,,
Linhares ,,linharense,,,
Muqui ,,muquiense,,,
Nova Venécia ,,veneciano,,,
Pancas ,,panquense,,,
Piúma ,,piumense,,,
Rio Bananal ,,rio-bananalense,,,
Santa Teresa ,,teresense,,,
São Gabriel da Palha ,,gabrielense,,,
São Mateus ,,mateense,,,
Serra ,,serrano,,,
Sooretama ,,sooretamense,,,
Vargem Alta ,,vargem-altense,,,
Venda Nova do Imigrante ,,venda-novense,,,
Vila Pavão ,,pavoense,,,
Vila Velha ,,vila-velhense; canela-verde,,,
Vitória ,*,vitoriense,,,
,,,,,
Goiás,,,,,
Alvorada do Norte ,,alvoradense-do-norte,,,
Anápolis ,,anapolitano; anapolino; anapolense,,,
Aporé,,aporeense,,,
Estrela do Norte ,,estrela-nortense,,,
Flores de Goiás ,,florense,,,
Formosa ,,formosense,,,
Goianésia,,goianesiense,,,
Goiânia ,*,goianiense,,,
Goiás ,,vila-boense; goiano,,,
Goiatuba ,,goiatubense,,,
Itaberaí ,,itaberino,,,
Itapaci ,,itapacino,,,
Itumbiara,,itumbiarense,,,
Jandaia ,,jandaiense,,,
Morrinhos ,,morrinhense,,,
Nova Glória ,,nova-glorino,,,
Nova Roma ,,nova-romano,,,
Orizona ,,orizonense,,,
Piranhas ,,piranhense,,,
Pontalina ,,pontalinense,,,
Posse ,,possense,,,
Rio Verde ,,rio-verdense,,,
Rubiataba ,,rubiatabense,,,
Quirinópolis ,,quirinopolino,,,
São Simão ,,simonense,,,
Silvânia ,,silvaniense,,,
Simolândia ,,simolandense,,,
Sítio d'Abadia ,,sitiense,,,
Trindade ,,trindadense,,,
Uruaçu ,,uruaçuense,,,
Vianópolis ,,vianopolino,,,
Vila Boa,,vila-boense,,,
,,,,,
Maranhão,,,,,
Açailândia ,,açailandense,,,
Bacabal ,,bacabalense,,,
Balsas ,,balsense,,,
Barra do Corda ,,barra-cordense,,,
Barreirinhas ,,barreirinhense,,,
Caxias ,,caxiense,,,
Graça Aranha ,,gracense,,,
Guimarães ,,guimarense; vimarense,,,
Humberto de Campos ,,humberto-campense; humbertuense,,,
Imperatriz ,,imperatrizense,,,
Itapecuru-Mirim,,itapecuruense,,,
Joselândia ,,joselandense,,,
Loreto ,,loretense,,,
Nova Iorque ,,nova-iorquense,,,
Paço do Lumiar,,luminense,,,
Passagem Franca ,,passagense,,,
Pinheiro ,,pinheirense,,,
Pio XII ,,pio-docense; pio-dozense,,,
Poção de Pedras ,,poção-pedrense,,,
Presidente Vargas ,,presidentino; presidente-varguense,,,
Rosário ,,rosariense,,,
Santa Inês ,,santa-inesense,,,
São João do Caru ,,"são-joanense, caruense",,,
São João dos Patos,,patoense,,,
São Luís ,*,ludovicense; são-luisense,,,
São Pedro da Água Branca ,,são-pedrense,,,
Timon ,,timonense,,,
Vargem Grande ,,vargem-grandense,,,
Zé Doca ,,zé-doquense,,,
,,,,,
Mato Grosso,,,,,
Acorizal ,,acorizalense,,,
Água Boa ,,água-boense,,,
Alta Floresta ,,alta-florestense; florestense,,,
Alto Araguaia ,,alto-araguaiense,,,
Alto Boa Vista ,,alto-boa-vistense,,,
Alto Garças ,,alto-garcense,,,
Alto Paraguai ,,alto-paraguaiense,,,
Alto Taquari,,taquariense,,,
Apiacás ,,apiacaense,,,
Araguaiana ,,araguaianense,,,
Araguainha ,,araguainhense,,,
Araputanga ,,araputanguense,,,
Arenápolis ,,arenapolitano,,,
Aripuanã ,,aripuanense,,,
Barra do Bugres ,,barra-bugrense,,,
Barra do Garças ,,barra-garcense,,,
Bom Jesus do Araguaia ,,bom-jesusense-do-araguaia,,,
Brasnorte ,,bras-nortense,,,
Canarana ,,canaranense,,,
Campo Verde ,,campo-verdense,,,
Chapada dos Guimarães ,,chapadense,,,
Cuiabá ,*,cuiabano,,,
Lucas do Rio Verde,,luquense,,,
Nobres ,,nobrense,,,
Novo Horizonte do Norte,,novo-horizontino,,,
Paranatinga ,,paranatinguense,,,
Pontes e Lacerda ,,pontes-lacerdense,,,
Rondonópolis,,rondonopolitano,,,
Santo Antônio de Leverger ,,levergense; santo-antoniense,,,
Sinop,,sinopense,,,
Tangará da Serra,,tangaraense,,,
Várzea Grande ,,várzea-grandense,,,
,,,,,
Mato Grosso do Sul,,,,,
Água Clara,,água-clarense,,,
Alcinópolis,,alcinopolense,,,
Amambai,,amambaiense,,,
Anastácio,,anastaciense,,,
Anaurilândia,,anaurilandense,,,
Angélica,,angeliquense,,,
Antônio João,,antônio-joanense,,,
Aparecida do Taboado,,aparecidense; taboadense,,,
Aquidauana,,aquidauanense,,,
Aral Moreira,,aral-moreirense,,,
Bandeirantes,,bandeirantense,,,
Bataguassu,,bataguaçuense,,,
Bataiporã,,bataiporanense,,,
Bela Vista,,bela-vistense,,,
Bodoquena,,bodoquenense,,,
Bonito,,bonitense,,,
Brasilândia,,brasilandense,,,
Caarapó,,caarapoense,,,
Camapuã,,camapuanense,,,
Campo Grande,*,campo-grandense,,,
Caracol,,caracolense,,,
Cassilândia,,cassilandense,,,
Chapadão do Sul,,chapadense,,,
Corguinho,,corguinhense,,,
Coronel Sapucaia,,sapucaiense,,,
Corumbá,,corumbaense,,,
Costa Rica,,costa-riquense,,,
Coxim,,coxinense,,,
Deodápolis,,deodapolense,,,
Dois Irmãos do Buriti,,buritiense,,,
Douradina,,douradinense,,,
Dourados,,douradense,,,
Eldorado,,eldoradense,,,
Fátima do Sul,,fatimulense,,,
Figueirão,,figueirãoense,,,
Glória de Dourados,,gloriadouradense,,,
Guia Lopes da Laguna,,guialopense; lagunense,,,
Iguatemi,,iguatemiense,,,
Inocência,,inocenciense,,,
Itaporã,,itaporanense,,,
Itaquiraí,,itaquiraiense,,,
Ivinhema,,invinhemense,,,
Japorã,,japoranense,,,
Jaraguari,,jaraguariense,,,
Jardim,,jardinense,,,
Jateí,,jateiense,,,
Juti,,jutiense,,,
Ladário,,ladarense,,,
Laguna Carapã,,lagunense,,,
Maracaju,,maracajuense,,,
Miranda,,mirandense,,,
Mundo Novo,,mundo-novense,,,
Naviraí,,naviraiense,,,
Nioaque,,nioaquense,,,
Nova Alvorada do Sul,,sul-nova-alvoradense,,,
Nova Andradina,,nova-andradinense,,,
Novo Horizonte do Sul,,novo-horizontense,,,
Paraíso das Águas,,paraisense,,,
Paranaíba,,paranaibense,,,
Paranhos,,paranhense,,,
Pedro Gomes,,pedrogomense,,,
Ponta Porã,,ponta-poranense,,,
Porto Murtinho,,murtinhense,,,
Ribas do Rio Pardo,,rio-pardense,,,
Rio Brilhante,,rio-brilhantense,,,
Rio Negro,,rio-negrense,,,
Rio Verde de Mato Grosso,,rioverdense,,,
Rochedo,,rochedense,,,
Santa Rita do Pardo,,santa-ritense,,,
São Gabriel do Oeste,,são-gabrielense,,,
Selvíria,,selviriense,,,
Sete Quedas,,sete-quedense,,,
Sidrolândia,,sidrolandense,,,
Sonora,,sonorense,,,
Tacuru,,tacuruense,,,
Taquarussu,,taquaruçuense,,,
Terenos,,terenense,,,
Três Lagoas,,três-lagoense,,,
Vicentina,,vicentinense,,,
,,,,,
Minas Gerais,,,,,
Abadia dos Dourados,,abadiense,,,
Abaeté ,,abaeteense,,,
Abre-Campo,,abre-campense,,,
Acaiaca,,acaiaquense,,,
Açucena ,,açucenense,,,
Água Boa ,,água-boense,,,
Água Comprida ,,água-compridense,,,
Aguanil ,,aguanilense,,,
Águas Formosas ,,águas-formosense,,,
Águas Vermelhas ,,vermelhense; águas-vermelhense,,,
Aimorés,,aimoreense,,,
Aiuruoca ,,aiuruocano; aiuruoquense,,,
Alagoa,,alagoense,,,
Albertina ,,albertinense,,,
Além Paraíba ,,além-paraibano; além-paraibense,,,
Alfenas ,,alfenense,,,
Alfredo Vasconcelos ,,vasconcelense,,,
Almenara ,,almenarense,,,
Alpercata ,,alpercatense,,,
Alpinópolis ,,alpinopolense,,,
Alterosa ,,alterosense,,,
Alto Caparaó ,,alto-caparoense,,,
Alto Jequitibá ,,jequitibaense; alto-jequitibaense,,,
Alto Rio Doce ,,alto-rio-docense,,,
Alvarenga ,,alvarenguense,,,
Alvinópolis ,,alvinopolense,,,
Alvorada de Minas,,alvoradense,,,
Amparo da Serra ,,amparo-serrano,,,
Andradas ,,andradense,,,
Araçaí ,,araçaiense,,,
Aracitaba ,,aracitabense; aracitabano,,,
Araçuaí ,,araçuaiense; araçuaiano,,,
Araguari ,,araguarino,,,
Arantina ,,arantinense,,,
Araponga ,,araponguense,,,
Araporã ,,araporense,,,
Arapuá ,,arapuense,,,
Araújos ,,araujense,,,
Araxá ,,araxaense,,,
Arceburgo ,,arceburguense,,,
Arcos ,,arcoense,,,
Areado ,,areadense,,,
Argirita ,,argiritense,,,
Aricanduva ,,aricanduvense,,,
Arinos ,,arinense,,,
Astolfo Dutra ,,astolfo-dutrense,,,
Ataléia ,,ataleiense,,,
Augusto de Lima ,,augusto-limense,,,
Barão de Cocais,,cocaiense,,,
Barbacena ,,barbacenense,,,
Barroso ,,barrosense,,,
Brasília de Minas ,,brasil-minense,,,
Belo Horizonte ,*,belo-horizontino; belorizontino,,,
Belo Vale ,,belovalense,,,
Betim ,,betinense,,,
Boa Esperança ,,esperancense,,,
Bocaiuva ,,bocaiuvense,,,
Bom Despacho ,,bom-despachense,,,
Bom Sucesso ,,bom-sucessense,,,
Borda da Mata ,,borda-matense,,,
Botelhos ,,botelhense,,,
Brumadinho ,,brumadinense,,,
Bueno Brandão ,,bueno-brandense,,,
Buritis ,,buritisense,,,
Buritizeiro ,,buritizeirense,,,
Cabo Verde ,,cabo-verdense,,,
Caeté ,,caeteense,,,
Cajuri ,,cajuriense,,,
Caldas ,,caldense,,,
Cambuí ,,cambuiense,,,
Cambuquira ,,cambuquirense,,,
Campanha ,,campanhense,,,
Campestre ,,campestrense,,,
Campina Verde ,,campina-verdense,,,
Campo Belo ,,campo-belense,,,
Campos Gerais ,,campos-geraiense,,,
Capela Nova ,,capela-novense,,,
Capelinha ,,capelinhense,,,
Capitólio ,,capitolino,,,
Caranaíba ,,caranaibense,,,
Carandaí ,,carandaiense,,,
Carangola ,,carangolense,,,
Caratinga ,,caratinguense,,,
Careaçu ,,careaçuense,,,
Carmo do Paranaíba ,,carmelitano; carmense,,,
Carvalhópolis ,,carvalhopolitano,,,
Casa Grande,,casa-grandense,,,
Cataguases ,,cataguasense,,,
Catas Altas ,,catas-altense,,,
Catas Altas da Noruega ,,catas-altense,,,
Caxambu ,,caxambuense,,,
Cedro do Abaeté ,,cedrense,,,
Central de Minas ,,centralense,,,
Cláudio ,,claudiense,,,
Coluna ,,colunense,,,
Comercinho,,comercinhense,,,
Conceição da Barra de Minas ,,concepcionense,,,
Confins ,,confinense,,,
Congonhas ,,congonhense,,,
Conselheiro Lafaiete,,lafaietense,,,
Contagem ,,contagense,,,
Coração de Jesus ,,corjesuense,,,
Corinto ,,corintiano,,,
Coromandel ,,coromandelense,,,
Coronel Fabriciano ,,fabricianense,,,
Coronel Xavier Chaves ,,xavierense,,,
Córrego do Bom Jesus ,,correguense,,,
Cristiano Otoni ,,cristianense,,,
Crucilândia ,,crucilandense; crucilandês,,,
Cruzília ,,cruziliense,,,
Curvelo ,,curvelano; curvelense,,,
Desterro de Entre Rios,,desterrense,,,
Desterro do Melo ,,melense,,,
Diamantina ,,diamantinense,,,
Diogo de Vasconcelos ,,vasconcelense,,,
Dionísio ,,dionisiano,,,
Divino ,,divinense,,,
Divino das Laranjeiras ,,divinense,,,
Divinópolis ,,divinopolitano,,,
Dom Joaquim ,,dom-joaquinense,,,
Dores de Campos ,,dores-campista,,,
Entre Rios de Minas ,,entrerriano,,,
Esmeraldas ,,esmeraldense,,,
Espinosa ,,espinosense,,,
Extrema ,,extremense,,,
Felício dos Santos ,,felisantense,,,
Felixlândia ,,felixlandense,,,
Ferros ,,ferrense,,,
Formiga ,,formiguense,,,
Fortuna de Minas ,,fortunense,,,
Florestal ,,florestalense,,,
Frutal ,,frutalense,,,
Gonzaga,,gonzaguense,,,
Governador Valadares ,,valadarense,,,
Guanhães ,,guanhanense,,,
Guaranésia ,,guaranesiano,,,
Guaxupé ,,guaxupeano,,,
Heliodora ,,heliodorense,,,
Ibertioga ,,ibertiogano,,,
Ibiá ,,ibiaense,,,
Ibirité ,,ibiritense,,,
Ibitira,,ibitirense,,,
Ibitiúra de Minas ,,ibitiurense,,,
Igarapé ,,igarapense,,,
Ijaci ,,ijaciense,,,
Ilicínea,,ilicinense,,,
Inimutaba ,,inimutabense,,,
Inhapim ,,inhapinhense,,,
Ipanema,,ipanemense,,,
Ipatinga ,,ipatinguense,,,
Itabira,,itabirano,,,
Itabirito ,,itabiritense,,,
Itaguara ,,itaguarense,,,
Itajubá ,,itajubense,,,
Itamarandiba ,,itamarandibano,,,
Itambacuri,,itambacuriense,,,
Itambé do Mato Dentro ,,itambeense,,,
Itapeva,,itapevense,,,
Itatiaiuçu ,,itatiaiuçuense,,,
Itaúna ,,itaunense,,,
Itaverava ,,itaveravense,,,
Ituiutaba ,,ituiutabano; tejucano,,,
Iturama ,,ituramense,,,
Jaíba ,,jaibense,,,
Janaúba ,,janaubense,,,
Januária ,,januarense,,,
Jeceaba ,,jeceabense; jeceabano,,,
Jequitaí ,,jequitaiense,,,
João Monlevade ,,monlevadense,,,
João Pinheiro ,,pinheirense,,,
Joaquim Felício ,,joaquim-feliciano,,,
Juatuba ,,juatubense,,,
Juiz de Fora ,,juiz-forano; juiz-de-forano; juiz-forense,,,
Lagoa da Prata ,,lagopratense,,,
Lagoa Dourada ,,lagoa-douradense,,,
Lagoa Santa ,,lagoa-santense,,,
Lambari ,,lambariense,,,
Lavras ,,lavrense,,,
Leopoldina ,, leopoldinense,,,
Machado ,,machadense,,,
Madre de Deus de Minas ,,madre-deuense,,,
Manhuaçu ,,manhuaçuense,,,
Manhumirim ,,manhumiriense,,,
Mantena ,,mantenense,,,
Maria da Fé ,,mariense,,,
Mariana ,,marianense,,,
Mateus Leme ,,mateus-lemense,,,
Matozinhos ,,matozinhense,,,
Minas Novas ,,minas-novense,,,
Miradouro ,,miradourense,,,
Moeda ,,moedense,,,
Monsenhor Paulo ,,paulense,,,
Monte Carmelo ,,carmelitano,,,
Monte Sião ,,monte-sionense,,,
Montes Claros ,,montes-clarense,,,
Morada Nova de Minas,,moradense,,,
Morro do Pilar ,,morrense,,,
Muriaé ,,muriaense,,,
Mutum ,,mutuense,,,
Muzambinho ,,muzambense,,,
Nanuque ,,nanuquense,,,
Nazareno ,,nazarenense,,,
Nepomuceno ,,nepomucenense,,,
Nova Era ,,nova-erense,,,
Nova Lima ,,nova-limense,,,
Nova Serrana ,,nova-serranense,,,
Novo Cruzeiro ,,neocruzeirense,,,
Oliveira ,,oliveirense,,,
Oliveira Fortes ,,oliveira-fortense,,,
Onça de Pitangui ,,oncense,,,
Ouro Branco ,,ouro-branquense,,,
Ouro Fino ,,ourofinense,,,
Ouro Preto ,,ouro-pretano,,,
Paracatu ,,paracatuense; paracatulino,,,
Paraguaçu ,,paraguaçuense,,,
Paraisópolis ,,paraisopolense; paraisopolitano,,,
Pará de Minas ,,pará-minense,,,
Passabém ,,passabenense,,,
Passos ,,passense,,,
Patos de Minas ,,patense; patureba,,,
Patrocínio,,patrocinense,,,
Paulistas ,,paulistano,,,
Peçanha ,,peçanhense,,,
Pedro Leopoldo ,,pedro-leopoldense,,,
Perdões ,,perdoense,,,
Pirapora ,,piraporense,,,
Piumhi ,,piuiense,,,
Poço Fundo ,,poço-fundense,,,
Poços de Caldas,,poços-caldense,,,
Pompéu ,,pompeano,,,
Ponte Nova ,,ponte-novense,,,
Porteirinha ,,porteirinhense,,,
Pouso Alegre ,,pouso-alegrense,,,
Prados ,,pradense,,,
Prata ,,pratense,,,
Queluzito ,,queluzitense,,,
Raul Soares ,,raul-soarense,,,
Ribeirão das Neves ,,nevense,,,
Ribeirão Vermelho ,,ribeirense,,,
Rio Casca ,,rio-casquense,,,
Rio Novo ,,rio-novense,,,
Rio Pardo de Minas ,,rio-pardense,,,
Ritápolis ,,ritapolitano,,,
Sabará ,,ritapolitano,,,
Salinas,,salinense,,,
Santa Bárbara,,santa-barbarense,,,
Santa Cruz do Escalvado ,,santa-cruzense,,,
Santa Luzia ,,luziense,,,
Santa Rita do Sapucaí ,,santa-ritense,,,
Santo Antônio do Monte ,,santo-antoniense,,,
Santos Dumont ,,sandumonense,,,
São Francisco ,,são-franciscano,,,
São Gonçalo do Sapucaí ,,são-gonçalense,,,
São Gotardo ,,são-gotardense,,,
São João da Mata ,,são-joanense,,,
São João Nepomuceno,,são-joanense,,,
São João da Ponte ,,pontense,,,
São João del-Rei,,são-joanense,,,
São José da Lapa ,,lapense,,,
São Lourenço ,,são-lourenciano,,,
São Sebastião do Paraíso ,,paraisense,,,
São Sebastião da Vargem Alegre ,,vargem-alegrense,,,
São Tomé das Letras ,,são-tomeense,,,
Senador Amaral,,amaralense,,,
Senador Firmino ,,firminense,,,
Serrania ,,serraniense,,,
Sete Lagoas,,sete-lagoano,,,
Taiobeiras ,,taiobeirense,,,
Teófilo Otôni,,teófilo-otonense,,,
Timóteo ,,timotense,,,
Tiradentes ,,tiradentino,,,
Tombos ,,tombense,,,
Três Corações,,tricordiano,,,
Três Marias,,trimariense,,,
Três Pontas ,,três-pontano,,,
Ubá,,ubaense,,,
Uberaba,,uberabense,,,
Uberlândia ,,uberlandense,,,
Unaí ,,unaiense,,,
Varginha ,,varginhense,,,
Várzea da Palma ,,várzea-palmense; varziano,,,
Vermelho Novo,,vermelhense,,,
Vespasiano,,vespasianense,,,
Viçosa ,,viçosense,,,
Visconde do Rio Branco,,rio-branquense,,,
Wenceslau Braz ,,venceslauense,,,
,,,,,
Pará,,,,,
Abaetetuba ,,abaetetubense,,,
Alenquer ,,alenquerense; ximango,,,
Belém ,,belemense,,,
Belterra ,,belterrense,,,
Bom Jesus do Tocantins ,,bom-jesuense,,,
Cachoeira do Arari ,,cachoeirense,,,
Capanema ,,capanemense,,,
Castanhal ,,castanhalense,,,
Conceição do Araguaia ,,conceicionense,,,
Ipixuna do Pará ,,ipixunense,,,
Itaituba ,,tá ,,,
Limoeiro do Ajuru,,limoeirense,,,
Mãe do Rio,,riense,,,
Marabá ,,marabaense,,,
Monte Alegre ,,monte-alegrense,,,
Óbidos ,,obidense,,,
Rurópolis ,,rulopolense,,,
Santarém ,,santareno,,,
Santa Isabel do Pará ,,isabelense; isabeense,,,
São Francisco do Pará ,,franciscano,,,
Xinguara ,,xinguarense,,,
